,N,R,K_total,U,Core,calclation_time,avg_memory,max_memory,avg_cpu,max_cpu
val,10,2,50,3,8,247.34461212158203,92.86353515625,107.83203125,52.07899999999999,89.4
